text,label,stance
Officials confirm vaccination clinics open this weekend for eligible residents.,0,1
Breaking: celebrity secretly replaced by a clone according to anonymous blogs.,1,-1
City transit says the subway delay was caused by a signal failure.,0,0
Doctors warn homemade bleach remedies can seriously harm you.,0,1
Leaked memo proves the storm was engineered by satellites overnight.,1,-1
University study finds modest improvement in air quality after the new policy.,0,1
Viral post claims the election was decided by a hidden overseas server farm.,1,-1
Weather service updates the hurricane path and evacuation zones.,0,0
Influencer says a fruit juice instantly cures every chronic disease.,1,1
Local hospital reports ICU occupancy is stable this week.,0,0
Unverified video alleges the bank freeze is a coordinated plot against savers.,1,-1
Researchers publish peer-reviewed results on the new treatment trial.,0,1
Rumor mill insists the athlete failed a test that never occurred.,1,-1
School board posts the official calendar and snow-day procedures.,0,0
Anonymous thread claims tap water now contains mind-control chemicals.,1,-1
Public health agency clarifies mask guidance for indoor events.,0,1
Clickbait article says all packaged food will be banned next month.,1,-1
Police department releases a factual timeline of last night's incident.,0,0
Conspiracy page argues the moon landing photos were staged in a studio.,1,-1
Charity confirms donation totals after the verified fundraising drive.,0,1
Fake screenshot shows a celebrity endorsing an unregulated supplement.,1,1
Airport authority explains why several flights were delayed by weather.,0,0
Post insists 5G towers caused the regional power outage.,1,-1
Scientists describe uncertainty ranges in the latest climate assessment.,0,0
Hoax alert circulating that bank accounts will be wiped at midnight.,1,-1
Museum announces free admission hours for the holiday weekend.,0,1
Blog claims a secret society wrote tonight's sports scores in advance.,1,-1
Mayor's office publishes the full text of the new housing ordinance.,0,1
Misleading headline omits that the recalled product was a limited batch.,1,-1
Journalists correct an earlier report after checking primary documents.,0,1
